[{"path":"\/icon.jpg","checksum":"95b6cc7937bad6bee07c9aa705b5423c"},{"path":"\/map.json","checksum":"233887012e25bc16f261a93185f23225"},{"path":"\/resource\/bootstrap-select\/bootstrap-select.min.css","checksum":"1dde27fd625567362692b22765e51596"},{"path":"\/resource\/bootstrap-select\/bootstrap-select.min.js","checksum":"4c90f3161a0eb70c217724ffb0471a7c"},{"path":"\/resource\/css\/poster.css","checksum":"16a5c58052b922699f0fc4c6053defe3"},{"path":"\/resource\/css\/style.css","checksum":"93043c8aa1303a807d7f63938e09b5f0"},{"path":"\/resource\/images\/back.jpg","checksum":"e77117152ad79faa7b02fd0ba1e1aa1e"},{"path":"\/resource\/images\/baseqr.png","checksum":"1095271c0e643b42f4a9a38814c08bd6"},{"path":"\/resource\/images\/icon01.png","checksum":"1bad2d880440a074ee17d65021c1c563"},{"path":"\/resource\/images\/icon02.png","checksum":"b337bc797bfc9cfad3f641cf3e0b5f65"},{"path":"\/resource\/images\/icon03.png","checksum":"8932c43e708be35ba71721f700a68579"},{"path":"\/resource\/images\/icon04.png","checksum":"83a91ea1eca307b7bfd2fc63afeba22a"},{"path":"\/resource\/images\/icon05.png","checksum":"776c405595f56b76c61a9bef2d672e64"},{"path":"\/resource\/images\/icon06.png","checksum":"f46d84a2dc6502a7a3a4eccc45e60c45"},{"path":"\/resource\/images\/icon07.png","checksum":"faafdfafad4dd1c223b5a48cb79d1a90"},{"path":"\/resource\/images\/icon08.png","checksum":"30146b1c1ed0eebdb70157ea57bb8b3a"},{"path":"\/resource\/images\/icon09.png","checksum":"fc4bf2e2adb397a5067790adfe1c8e50"},{"path":"\/resource\/images\/index.png","checksum":"f3f9c1016616dc3b773aa1d159d924b7"},{"path":"\/resource\/images\/partners-1.jpg","checksum":"5a726221acf313a6827b5233c613378b"},{"path":"\/resource\/images\/theme1.jpg","checksum":"628d93267e647359736004b3a022f7ed"},{"path":"\/resource\/images\/xload1.gif","checksum":"2fee8d1b67bcd254bc151a0f0b565364"},{"path":"\/resource\/js\/zresize.js","checksum":"33ba4922170e28401b8dc670e0998d09"},{"path":"\/resource\/sms\/endpoints.xml","checksum":"00ad8f0f9cf2dfb314c8b20743b32a00"},{"path":"\/resource\/swal\/dist\/sweetalert2.common.js","checksum":"e7d0bc80c7a163e1f8d52ffb3a3a8206"},{"path":"\/resource\/swal\/dist\/sweetalert2.css","checksum":"110b9ffee99d3200592e48facb9f40ea"},{"path":"\/resource\/swal\/dist\/sweetalert2.js","checksum":"0f4dfb67175f09d22e75388a0e3b7487"},{"path":"\/resource\/swal\/dist\/sweetalert2.min.css","checksum":"efe8b367650896225a019bb0ea417b4e"},{"path":"\/resource\/swal\/dist\/sweetalert2.min.js","checksum":"bc66e48e2fcd220a6cefce1754b7e1ec"},{"path":"\/resource\/swal\/dist\/sweetalert2.min.js.gz","checksum":"660fe7dc0dbb288842fc42652e9f0564"},{"path":"\/resource\/swal\/images\/swal2-error.png","checksum":"7d6ceb69396540be98c4bce3ad0c6ad4"},{"path":"\/resource\/swal\/images\/swal2-info.png","checksum":"bbd15715578d0df739124662f7e67436"},{"path":"\/resource\/swal\/images\/swal2-question.png","checksum":"cbb6e479710ce3e4557a595d2d082954"},{"path":"\/resource\/swal\/images\/swal2-success.png","checksum":"9e3ce5b8fb735822056dc8774aed4ee8"},{"path":"\/resource\/swal\/images\/swal2-warning.png","checksum":"4e5f9f4c4b1e7a69f1f5d7b6d44631da"},{"path":"\/resource\/swal\/images\/vs_icon.png","checksum":"5cc7c3aa6fbe83888fc2d3f89ba1cabf"},{"path":"\/resource\/swal\/images\/vs_icon@2x.png","checksum":"9b91e6adf3ee6b7aaa1b2a392973a812"},{"path":"\/resource\/WRYH.ttf","checksum":"18de07f35ff3a4d51099e1ba90de645f"},{"path":"\/resource\/wxapp\/apply01.png","checksum":"7fba6668f347f248610ea0135c75c02e"},{"path":"\/resource\/wxapp\/apply02.png","checksum":"530c03c7cc54192e1bc4eaee6527c136"},{"path":"\/resource\/wxapp\/class002.png","checksum":"3e627638b2833579814bedffb06695c8"},{"path":"\/resource\/wxapp\/class02.png","checksum":"e19cebd978ab6fad38d843148fa06ba7"},{"path":"\/resource\/wxapp\/cut01.png","checksum":"40a3edae97c3805ec1d844aab919ab4e"},{"path":"\/resource\/wxapp\/fen01.png","checksum":"2e86c288824d7d173d8095feb44c4edd"},{"path":"\/resource\/wxapp\/fen_nav01.png","checksum":"2d69f8d983f9b82f681e5c54cce06f1b"},{"path":"\/resource\/wxapp\/fen_nav02.png","checksum":"8c2e7294193e0c226598efd9c8377f85"},{"path":"\/resource\/wxapp\/fen_nav03.png","checksum":"1dc8890d6a5acc453e4f07e4717ae28c"},{"path":"\/resource\/wxapp\/fen_nav04.png","checksum":"6b629340c417ba214fb763de3b1b9c2d"},{"path":"\/resource\/wxapp\/gua.png","checksum":"9a2d40f33789c41d6b3075a986cf28f7"},{"path":"\/resource\/wxapp\/move01.png","checksum":"dd46b4c5764d71e85e5e4bc232b33f58"},{"path":"\/resource\/wxapp\/online.png","checksum":"1aa26e8272efae93908673ffad7b8ab5"},{"path":"\/resource\/wxapp\/score01.png","checksum":"2e4292c3cbd9993b164ccee16075fdd2"},{"path":"\/resource\/wxapp\/step01.jpg","checksum":"1e445fb73cf4147b76d430a1190b23d9"},{"path":"\/resource\/wxapp\/step02.jpg","checksum":"4c3d828cda2427bdb1f39c659519428e"},{"path":"\/template\/common\/basichead.html","checksum":"843f852c759346442ebcdb38b5848c83"},{"path":"\/template\/common\/editfoot.html","checksum":"785595ae912f1c88bc12535765fce261"},{"path":"\/template\/common\/edithead.html","checksum":"08fc4919d0500b6cf2b4b870b6c59c7c"},{"path":"\/template\/common\/listfoot.html","checksum":"6b54f8fe611777e7249f7b07007bd537"},{"path":"\/template\/common\/listhead.html","checksum":"00a0dc907707ccd014355e8d453c3601"},{"path":"\/template\/common\/menu.html","checksum":"29479472febe80f7cd28a506da8b44b5"},{"path":"\/template\/mobile_template\/index\/index.html","checksum":"eb62e6d7f50ae09e0f7abb1c6b37f293"},{"path":"\/template\/mobile_template\/index.html","checksum":"e3048c5f84f2109862d2500eafa7978a"},{"path":"\/template\/mymanage\/active\/edit.html","checksum":"b5d421c510f3a87fa38942cbf77843c3"},{"path":"\/template\/mymanage\/active\/list.html","checksum":"b7b02c8b3fd8e26905203c7460b5b6f2"},{"path":"\/template\/mymanage\/apply\/share.html","checksum":"2f4721dc18459e790b599b3bda14fc07"},{"path":"\/template\/mymanage\/apply\/team.html","checksum":"fd62f2cfe1b4ce86ed65c14c0988fbc1"},{"path":"\/template\/mymanage\/apply\/withdraw.html","checksum":"7fda446dc2af91599204cf06052cd6f1"},{"path":"\/template\/mymanage\/article\/edit.html","checksum":"1033709ec50665a76691c58a929e8e1f"},{"path":"\/template\/mymanage\/article\/list.html","checksum":"e99d158ef3ebcd14ba4add8fa10661c9"},{"path":"\/template\/mymanage\/audio\/edit.html","checksum":"1f2720a2cd178f994b6d2782ff7ee384"},{"path":"\/template\/mymanage\/audio\/list.html","checksum":"7bc3c2236242b5ee0d4a18002b634654"},{"path":"\/template\/mymanage\/audio\/record.html","checksum":"123dd79093cd9005cd6f2cb59516420e"},{"path":"\/template\/mymanage\/audio_item\/edit.html","checksum":"4e627a1eab6c391d6a3efbfcd90095d0"},{"path":"\/template\/mymanage\/audio_item\/list.html","checksum":"9368faa799bf74ea8f333ebe7bd08e91"},{"path":"\/template\/mymanage\/banner\/edit.html","checksum":"f8762971ec5b17c710ab28424d5c8fb4"},{"path":"\/template\/mymanage\/banner\/list.html","checksum":"e2019cfcef01de491ed6843b57b58b0d"},{"path":"\/template\/mymanage\/coupon\/edit.html","checksum":"545562f554002485144c4498d215d2d4"},{"path":"\/template\/mymanage\/coupon\/list.html","checksum":"9eb2b2bdb250bc8c7c5515362c3c38e1"},{"path":"\/template\/mymanage\/cut\/edit.html","checksum":"39427de0a100a8720842425238be3d72"},{"path":"\/template\/mymanage\/cut\/list.html","checksum":"561cb9f411f98fbe8f0b89a5eb2d1c57"},{"path":"\/template\/mymanage\/discuss\/list.html","checksum":"90e30fddf238e641f064589fe2a41761"},{"path":"\/template\/mymanage\/group\/edit.html","checksum":"3f58add62b93c4a70f52d1099bf228d9"},{"path":"\/template\/mymanage\/group\/list.html","checksum":"ee298dfdd47c418a4b03b59cbecc256b"},{"path":"\/template\/mymanage\/line\/audio.html","checksum":"6836a00be2b534e1c4cedd5e617bf0ae"},{"path":"\/template\/mymanage\/line\/edit.html","checksum":"25c9a9159856c7f07728f23a868be01d"},{"path":"\/template\/mymanage\/line\/list.html","checksum":"9a5255190d1369c71b7153e6d16c0a02"},{"path":"\/template\/mymanage\/line\/video.html","checksum":"68fd04b230a7e5e52277f871ed9bb2ab"},{"path":"\/template\/mymanage\/line_class\/edit.html","checksum":"f894356443c9c0d51fcc9c2de40021e8"},{"path":"\/template\/mymanage\/line_class\/list.html","checksum":"58c795d4aea69962f773d1c2f57b7d81"},{"path":"\/template\/mymanage\/mall\/edit.html","checksum":"89babe320495258036ff9c04ba6dcd4c"},{"path":"\/template\/mymanage\/mall\/list.html","checksum":"a85ca1206fcff7dfb618f4f4f31c10ed"},{"path":"\/template\/mymanage\/mall_team\/edit.html","checksum":"aa83d4c952eafa4a751d5fe7331bf6b5"},{"path":"\/template\/mymanage\/mall_team\/list.html","checksum":"2c1f17d9c6762a48e86d264f205aeea6"},{"path":"\/template\/mymanage\/move\/edit.html","checksum":"c399f9fccb8f64b11ce755e6e8795b9d"},{"path":"\/template\/mymanage\/move\/list.html","checksum":"ed50293c271bc3bc4b0321c8ba744a97"},{"path":"\/template\/mymanage\/nav\/edit.html","checksum":"146b59ed248ee9ce40b944469d2324cd"},{"path":"\/template\/mymanage\/nav\/list.html","checksum":"dc1ef83993141c850af4ffa0a714d9c6"},{"path":"\/template\/mymanage\/new\/edit.html","checksum":"d23d3c9955af9a4907b32606e21d068c"},{"path":"\/template\/mymanage\/new\/list.html","checksum":"ba11b0d8218033302851d182d387183f"},{"path":"\/template\/mymanage\/new_class\/edit.html","checksum":"f894356443c9c0d51fcc9c2de40021e8"},{"path":"\/template\/mymanage\/new_class\/list.html","checksum":"58c795d4aea69962f773d1c2f57b7d81"},{"path":"\/template\/mymanage\/order\/group.html","checksum":"5ae80963a42389555420a147ac118036"},{"path":"\/template\/mymanage\/order\/line.html","checksum":"a96d15bf1f09597a95c1bb5df5a03726"},{"path":"\/template\/mymanage\/order\/list.html","checksum":"2a69eaa7a0ca6af0b5aa019d34a4cacc"},{"path":"\/template\/mymanage\/order\/mall.html","checksum":"a1d7078293bd6c51d6ca6dba9fbd5e34"},{"path":"\/template\/mymanage\/order\/move.html","checksum":"a796f8e313864cd37d24ba12bc31f23e"},{"path":"\/template\/mymanage\/order\/score.html","checksum":"17b06a4bcbc8a30b522c6fa3e3bb0ee2"},{"path":"\/template\/mymanage\/order\/team.html","checksum":"b7adb2b04dbff5118640e72071ff716c"},{"path":"\/template\/mymanage\/prize\/list.html","checksum":"f9ef424aa62cc99e79b067f149e2d8d9"},{"path":"\/template\/mymanage\/prize2\/edit.html","checksum":"38483b15d85bb0b2119e251784642d2f"},{"path":"\/template\/mymanage\/prize2\/list.html","checksum":"abf14101d836e3ce308c768063462672"},{"path":"\/template\/mymanage\/school\/edit.html","checksum":"98e50e497fd43cdbe857322272e1c201"},{"path":"\/template\/mymanage\/school\/list.html","checksum":"5106ff8b10c2481ee9e94ac74c04f815"},{"path":"\/template\/mymanage\/score_mall\/edit.html","checksum":"c13456895d44bf800a2e96b3665e903a"},{"path":"\/template\/mymanage\/score_mall\/list.html","checksum":"c05d654b2d333bd4cd9fb72c7a6fd0c8"},{"path":"\/template\/mymanage\/service\/edit.html","checksum":"07349ed4c28bbc4944a3ab984f2cd90e"},{"path":"\/template\/mymanage\/service\/list.html","checksum":"9b274cdd50e98f18ceb0bbc09fe41536"},{"path":"\/template\/mymanage\/service_class\/edit.html","checksum":"a3f5cf419fe80821ee4484a6df767d7f"},{"path":"\/template\/mymanage\/service_class\/list.html","checksum":"9327326b8cb9517b06ad0aedec832693"},{"path":"\/template\/mymanage\/service_team\/edit.html","checksum":"91cd1700c8490402b269daf2ac916a2f"},{"path":"\/template\/mymanage\/service_team\/list.html","checksum":"48cb5e03be0fc591d703593f7cc9f304"},{"path":"\/template\/mymanage\/teacher\/edit.html","checksum":"686f546c450c9c3ac8eff8566848f3b2"},{"path":"\/template\/mymanage\/teacher\/list.html","checksum":"722516abe03caac8ae2e87f847040592"},{"path":"\/template\/mymanage\/user\/fen.html","checksum":"804d591e54568cc8eea64c4b7c265d47"},{"path":"\/template\/mymanage\/user\/list.html","checksum":"50360b920725fea3785dc26644ace5f2"},{"path":"\/template\/mymanage\/video\/edit.html","checksum":"3a87ec88766e45243897af073228ede9"},{"path":"\/template\/mymanage\/video\/list.html","checksum":"a84e79ddcd87dd82248b1de0c4a6e33c"},{"path":"\/template\/mymanage\/video\/record.html","checksum":"123dd79093cd9005cd6f2cb59516420e"},{"path":"\/template\/mymanage\/video_class\/edit.html","checksum":"8aa8496f1d67551764a9ac72a983352d"},{"path":"\/template\/mymanage\/video_class\/list.html","checksum":"079bf65a2c70de8da9bbf71ee4bb6345"},{"path":"\/template\/mymanage\/webconfig\/ad.html","checksum":"25a9d2bb7b26abd51cf28a9fa42b7c18"},{"path":"\/template\/mymanage\/webconfig\/audio_poster.html","checksum":"3182c38784a3be084a260dca37f9be9f"},{"path":"\/template\/mymanage\/webconfig\/closed.html","checksum":"e0b34ed27ede068a4559c8fbaa39e0a2"},{"path":"\/template\/mymanage\/webconfig\/cut_poster.html","checksum":"999951ce5ee34499f8d3962d1780e8c0"},{"path":"\/template\/mymanage\/webconfig\/edit.html","checksum":"18e2ee3b6cd851f2fa9f4b0a36a3f1ab"},{"path":"\/template\/mymanage\/webconfig\/form.html","checksum":"2f8948f307a53b505a51ba9d194fd7c1"},{"path":"\/template\/mymanage\/webconfig\/group_poster.html","checksum":"999951ce5ee34499f8d3962d1780e8c0"},{"path":"\/template\/mymanage\/webconfig\/map.html","checksum":"33ce0cca4f0bc19d093f9d8e6153b032"},{"path":"\/template\/mymanage\/webconfig\/move_poster.html","checksum":"9db466a19eef9977c8489db28b9f3543"},{"path":"\/template\/mymanage\/webconfig\/nav.html","checksum":"f2fdb8544feadf1116775cbe7dbc285a"},{"path":"\/template\/mymanage\/webconfig\/nav2.html","checksum":"c2d40b582def22e34d5aaddfb157fc07"},{"path":"\/template\/mymanage\/webconfig\/online.html","checksum":"92355c56d8981d225aac76cd38ca17d3"},{"path":"\/template\/mymanage\/webconfig\/open_ad.html","checksum":"15e6b700e292ca28bf3a5706453a933f"},{"path":"\/template\/mymanage\/webconfig\/print.html","checksum":"35717fcbe0ba76beb9ef09d6e47370f6"},{"path":"\/template\/mymanage\/webconfig\/score.html","checksum":"5a11fc18d782f0bd8571d8ba9460707d"},{"path":"\/template\/mymanage\/webconfig\/service_poster.html","checksum":"999951ce5ee34499f8d3962d1780e8c0"},{"path":"\/template\/mymanage\/webconfig\/share.html","checksum":"7f2a4e19eadeef5ec54812e11883c8c5"},{"path":"\/template\/mymanage\/webconfig\/share_poster.html","checksum":"cb16b28e493b072e5b4b052cd669a963"},{"path":"\/template\/mymanage\/webconfig\/sms.html","checksum":"82e5e362fc22da1779af45a8a8c00bff"},{"path":"\/template\/mymanage\/webconfig\/team_poster.html","checksum":"d23c4367c82882f95775a5a5ba4843cf"},{"path":"\/template\/mymanage\/webconfig\/text.html","checksum":"407546029ebf7307e5b6d0811d30e12b"},{"path":"\/template\/mymanage\/webconfig\/theme.html","checksum":"4842c2e9230807ec0d00e5b3ae5df01c"},{"path":"\/template\/mymanage\/webhome\/index.html","checksum":"52fc4069087c5b08e13463d53b7dcf96"},{"path":"\/template\/old\/Active\/article.html","checksum":"cf3a247b788498e2a834b1eeed86cecf"},{"path":"\/template\/old\/Active\/edit.html","checksum":"3eb93b0f38f8b40bff52b6a92e109e73"},{"path":"\/template\/old\/Active\/list.html","checksum":"2dc97bb79eeef0d1b484c2ada96ca33d"},{"path":"\/template\/old\/Article\/edit.html","checksum":"aef8dfad12508df340349444dee3b825"},{"path":"\/template\/old\/Article\/list.html","checksum":"df9da20e4eef439965e207b29e3c6b66"},{"path":"\/template\/old\/Article\/sort_service.html","checksum":"ecc5dcacd748a5c5ece02205e6921f33"},{"path":"\/template\/old\/audio\/edit.html","checksum":"867b6d1de18185708061b8a264392506"},{"path":"\/template\/old\/audio\/list.html","checksum":"80f46b463272b7dc7685b3289f4cff6d"},{"path":"\/template\/old\/audio\/record.html","checksum":"bdf05a49d490ef164ac3dd84578472a4"},{"path":"\/template\/old\/audio_item\/edit.html","checksum":"49d18e06491e9468eb4a3cfc227cbc9f"},{"path":"\/template\/old\/audio_item\/list.html","checksum":"d936be05b671477ba0a560de77d57827"},{"path":"\/template\/old\/Banner\/article.html","checksum":"1e8a7be386594b9843c39d6e8e937b68"},{"path":"\/template\/old\/Banner\/edit.html","checksum":"343192108534814e9b97703743599e4d"},{"path":"\/template\/old\/Banner\/list.html","checksum":"2f26940ce20ed46ae57f934748b3002a"},{"path":"\/template\/old\/Coupon\/edit.html","checksum":"8532bdda0d77c7d8cf813ef4ed25060b"},{"path":"\/template\/old\/Coupon\/list.html","checksum":"adb2416c3b750b5e807c3488ebd3cb74"},{"path":"\/template\/old\/Cut\/edit.html","checksum":"b2d7da6ce322cc895c69ebfd1c3abe5b"},{"path":"\/template\/old\/Cut\/list.html","checksum":"716c1aa43c663f60a9b822abcc4c6c95"},{"path":"\/template\/old\/Discuss\/list.html","checksum":"0a45c5402ed3fdc3dd163a153ef345bd"},{"path":"\/template\/old\/Mall\/edit.html","checksum":"9219fde27748e38485a186f3379d927b"},{"path":"\/template\/old\/Mall\/list.html","checksum":"7def26775ac4dee9703201fba4057064"},{"path":"\/template\/old\/Nav\/article.html","checksum":"bc19066f9ff198df8d5408dd22011edb"},{"path":"\/template\/old\/Nav\/edit.html","checksum":"b3f839f64c599ffc33c6289788bdbd93"},{"path":"\/template\/old\/Nav\/list.html","checksum":"2c11cf9ec53da514be3730fd0dc3997f"},{"path":"\/template\/old\/Nav\/pclass.html","checksum":"44e4e2101177af33c9727f86b0f3229a"},{"path":"\/template\/old\/New\/edit.html","checksum":"a8a416665beb20732254911191e33b26"},{"path":"\/template\/old\/New\/list.html","checksum":"23b9c658fc32e499b6e51ad9c144c0d6"},{"path":"\/template\/old\/new_class\/edit.html","checksum":"189bda22aa14cae8eecf8ed0bf0bb353"},{"path":"\/template\/old\/new_class\/list.html","checksum":"664d32ee32ba8510a2994aad559fbf39"},{"path":"\/template\/old\/Order\/list.html","checksum":"9b3ba2faf4651eebc15f5087a4203d76"},{"path":"\/template\/old\/Order\/mall.html","checksum":"58eaecb729a31940262a011254743043"},{"path":"\/template\/old\/Prize\/list.html","checksum":"6e2dbbe4410cd907da2a5630189cf847"},{"path":"\/template\/old\/Prize2\/edit.html","checksum":"793821c18dc0fd311c097a4cc5c1d39b"},{"path":"\/template\/old\/Prize2\/list.html","checksum":"14215883586876411d6c1ad28fd3842b"},{"path":"\/template\/old\/School\/edit.html","checksum":"8d0b4258efd3d8bd57e4d3e733f366bf"},{"path":"\/template\/old\/School\/list.html","checksum":"8355a3f8c96a4cd4eaec96bc0b3d5df2"},{"path":"\/template\/old\/Service\/edit.html","checksum":"f394f82142d2e7229b2ad8811b9ea3ff"},{"path":"\/template\/old\/Service\/list.html","checksum":"8feb283c7cbd2a8540988f6cfdb8b372"},{"path":"\/template\/old\/Service\/teacher.html","checksum":"e592918eaf7b8822fac39c932b9979ab"},{"path":"\/template\/old\/Service_class\/edit.html","checksum":"e3bb3fe0e79e88c7243b464d17547ac5"},{"path":"\/template\/old\/Service_class\/list.html","checksum":"9741c5bd2d19e2effd6607e3f498bb3c"},{"path":"\/template\/old\/Service_team\/edit.html","checksum":"9f6a430c798f2b5df26e89297c2836e1"},{"path":"\/template\/old\/Service_team\/list.html","checksum":"5f472a8bc30c78485804ad6a7377abe9"},{"path":"\/template\/old\/Teacher\/edit.html","checksum":"f1517bc5679bdba2847b1ee6673c74e8"},{"path":"\/template\/old\/Teacher\/list.html","checksum":"d75990fd06d2d44149847a9f0bafa5b4"},{"path":"\/template\/old\/User\/list.html","checksum":"aa169b78ae15f2b02873ecc998a90029"},{"path":"\/template\/old\/User\/service.html","checksum":"01b26d0334500fc5670a6dbc0f9dd859"},{"path":"\/template\/old\/Video\/edit.html","checksum":"3f221e2122aad577cd0fcef98a49d9df"},{"path":"\/template\/old\/Video\/list.html","checksum":"50680c93fb82351b86829c5c6af99b03"},{"path":"\/template\/old\/Video\/record.html","checksum":"de4c1032be42dece79190a9c6bbe5075"},{"path":"\/template\/old\/Video\/teacher.html","checksum":"78723c6b1238305b4a020af349bbb970"},{"path":"\/template\/old\/Video_class\/edit.html","checksum":"c08b4fb8564c1e89c5f2c6626cc43e4f"},{"path":"\/template\/old\/Video_class\/list.html","checksum":"70b36058e722296ad114daeb18776e03"},{"path":"\/template\/old\/Web\/ad.html","checksum":"8d37826b30dff34f845043eff5c8bf60"},{"path":"\/template\/old\/Web\/audio_poster.html","checksum":"a43ebea43aa378199407262640f0edd6"},{"path":"\/template\/old\/Web\/closed.html","checksum":"bb3e5262d0ce994fd3af81681e0605c9"},{"path":"\/template\/old\/Web\/edit.html","checksum":"ca95d4b7bc5f2fb3609a90fd1b06b32e"},{"path":"\/template\/old\/Web\/form.html","checksum":"039e6809bc63d1e5b87d04abbecb484f"},{"path":"\/template\/old\/Web\/map.html","checksum":"6f7cf1c8e6162ee840d35f1bb42545f3"},{"path":"\/template\/old\/Web\/menu.html","checksum":"546f3cc2851189c2a3eb66ea94b4bedf"},{"path":"\/template\/old\/Web\/nav.html","checksum":"a30edf90ae6e74fbf60ec09752b459c5"},{"path":"\/template\/old\/Web\/online.html","checksum":"d4766578c7a24c95fa1a25e62ab5eba1"},{"path":"\/template\/old\/Web\/open_ad.html","checksum":"ba5f3a1b011028cd5d6be4303a3f1142"},{"path":"\/template\/old\/Web\/print.html","checksum":"89391015975d72299c5dab0f4c819ddc"},{"path":"\/template\/old\/Web\/service_poster.html","checksum":"7df5731c7ba0c5bad4c6fe5e37c4e929"},{"path":"\/template\/old\/Web\/sms.html","checksum":"ad896ca2b52d45d5adcd8f4f736c631e"},{"path":"\/template\/old\/Web\/theme.html","checksum":"d00d3db6677ca74251dee0fa2f9a3852"},{"path":"\/them\/bootstrap\/bootstrap.min.css","checksum":"7184d3edc008c1890deb0a71e4348267"},{"path":"\/them\/bootstrap\/bootstrap.min.js","checksum":"920150b18faa9375b59ad3dbaa272360"},{"path":"\/them\/bootstrap-table\/bootstrap-table-zh-CN.min.js","checksum":"ca67d846daa732f9487428279affaa8d"},{"path":"\/them\/bootstrap-table\/bootstrap-table.min.css","checksum":"43fe7881a40599f157a8fbadc3bf25ac"},{"path":"\/them\/bootstrap-table\/bootstrap-table.min.js","checksum":"2541acc8e6c673c97d7a427f6336ae31"},{"path":"\/them\/css\/custom.css","checksum":"ae4ad02052fb05e7c169e151055cdc14"},{"path":"\/them\/css\/custom.min.css","checksum":"ab6efb53d377f090c351cd303aef1696"},{"path":"\/them\/css\/poster.css","checksum":"7a8559da0fd8e360c5a79891654ccb24"},{"path":"\/them\/css\/style.css","checksum":"084e41fcd539bfb3ef65432d025c5495"},{"path":"\/them\/font-awesome\/font-awesome.min.css","checksum":"899bda4466d284aceb8e0740329348d5"},{"path":"\/them\/font-awesome\/fonts\/fontawesome-webfont.eot","checksum":"f7c2b4b747b1a225eb8dee034134a1b0"},{"path":"\/them\/font-awesome\/fonts\/fontawesome-webfont.svg","checksum":"2980083682e94d33a66eef2e7d612519"},{"path":"\/them\/font-awesome\/fonts\/fontawesome-webfont.ttf","checksum":"706450d7bba6374ca02fe167d86685cb"},{"path":"\/them\/font-awesome\/fonts\/fontawesome-webfont.woff","checksum":"d9ee23d59d0e0e727b51368b458a0bff"},{"path":"\/them\/font-awesome\/fonts\/fontawesome-webfont.woff2","checksum":"97493d3f11c0a3bd5cbd959f5d19b699"},{"path":"\/them\/font-awesome\/fonts\/FontAwesome.otf","checksum":"0b462f5cc07779cab3bef252c0271f2b"},{"path":"\/them\/images\/back_disabled.png","checksum":"574c1fdbe98e07b336aeee94514cba7f"},{"path":"\/them\/images\/back_enabled.png","checksum":"2998e23d43af7c7857149b0e725ccad6"},{"path":"\/them\/images\/back_enabled_hover.png","checksum":"9d29134dd5e1c2192916ef9104dd877e"},{"path":"\/them\/images\/forward_disabled.png","checksum":"72ead25432b5a84031b8333aa5fbf259"},{"path":"\/them\/images\/forward_enabled.png","checksum":"a8c664b8219ffde978db3d8308713975"},{"path":"\/them\/images\/forward_enabled_hover.png","checksum":"9be5f327f16bcad317c8ad0ae92635d8"},{"path":"\/them\/images\/loading.gif","checksum":"d0c07738ec6d3a2e304c9d91224cc0a3"},{"path":"\/them\/js\/.jshintrc","checksum":"229045ea1777aed1a6f14ebe5225166d"},{"path":"\/them\/js\/custom.js","checksum":"c3f8e75d76492e1d339bd6501250f26a"},{"path":"\/them\/js\/custom.min.js","checksum":"1990db466abb5bf89498747dc8c2be3e"},{"path":"\/them\/js\/fastclick.min.js","checksum":"c7a74ff94dd9b01f0b40fbddc0220b93"},{"path":"\/them\/js\/jquery-ui.min.js","checksum":"e8c0e7e7d0b849c1fbd62cd9a3cb2efa"},{"path":"\/them\/js\/jquery.min.js","checksum":"f44180198bd204d9e1d0ba8000a04df3"},{"path":"\/them\/js\/jquery.zeroclipboard.js","checksum":"2fa1be2c5aaa27299d986823bbc926c4"},{"path":"\/them\/js\/validate.min.js","checksum":"1c98a3ba12b34b2d9f17b122022b3a0e"},{"path":"\/them\/js\/ZeroClipboard.swf","checksum":"8b5c117b88fe37e32fd34a70fdf60026"},{"path":"\/them\/js\/zresize.js","checksum":"33ba4922170e28401b8dc670e0998d09"},{"path":"\/them\/nprogress\/nprogress.min.css","checksum":"b56eecc7424d9754f2848d5df85fda0b"},{"path":"\/them\/nprogress\/nprogress.min.js","checksum":"3ebe57444473610be7a9f51e422a9542"},{"path":"\/them\/select2\/select2-bootstrap.min.css","checksum":"7955193acf51593456edd85d7941618e"},{"path":"\/them\/select2\/select2.min.css","checksum":"0dc49e61cf583c65330f9142d3d82dc5"},{"path":"\/them\/select2\/select2.min.js","checksum":"16165681d1b785337e3d1ddf358f0da5"},{"path":"\/them\/select2\/zh-CN.js","checksum":"6405d2d384a422ab560611ba09db1d40"},{"path":"\/them\/sweetalert2\/sweetalert2.min.css","checksum":"efe8b367650896225a019bb0ea417b4e"},{"path":"\/them\/sweetalert2\/sweetalert2.min.js","checksum":"f6724c347a8ab44dbd42688711856083"},{"path":"\/them\/switchery\/switchery.min.css","checksum":"3d5c5f2d195cad6c3658bec52095df6b"},{"path":"\/them\/switchery\/switchery.min.js","checksum":"e3ac21065f1329f5079b34bc5ffd381b"},{"path":"\/them\/them\/css\/custom.css","checksum":"ae4ad02052fb05e7c169e151055cdc14"},{"path":"\/them\/them\/css\/custom.min.css","checksum":"b61aa20163870a000aa1a08c733ecc4b"},{"path":"\/them\/them\/css\/poster.css","checksum":"703462235e705a3127f282d4460ba98c"},{"path":"\/them\/them\/css\/style.css","checksum":"2a76427a50cd3c56362da64234d81c19"},{"path":"\/them\/them\/images\/back_disabled.png","checksum":"574c1fdbe98e07b336aeee94514cba7f"},{"path":"\/them\/them\/images\/back_enabled.png","checksum":"2998e23d43af7c7857149b0e725ccad6"},{"path":"\/them\/them\/images\/back_enabled_hover.png","checksum":"9d29134dd5e1c2192916ef9104dd877e"},{"path":"\/them\/them\/images\/forward_disabled.png","checksum":"72ead25432b5a84031b8333aa5fbf259"},{"path":"\/them\/them\/images\/forward_enabled.png","checksum":"a8c664b8219ffde978db3d8308713975"},{"path":"\/them\/them\/images\/forward_enabled_hover.png","checksum":"9be5f327f16bcad317c8ad0ae92635d8"},{"path":"\/them\/them\/images\/loading.gif","checksum":"d0c07738ec6d3a2e304c9d91224cc0a3"},{"path":"\/them\/them\/js\/.jshintrc","checksum":"229045ea1777aed1a6f14ebe5225166d"},{"path":"\/them\/them\/js\/custom.js","checksum":"c3f8e75d76492e1d339bd6501250f26a"},{"path":"\/them\/them\/js\/custom.min.js","checksum":"1990db466abb5bf89498747dc8c2be3e"},{"path":"\/them\/them\/js\/jquery-ui.min.js","checksum":"e8c0e7e7d0b849c1fbd62cd9a3cb2efa"},{"path":"\/them\/them\/js\/jquery.zeroclipboard.js","checksum":"2fa1be2c5aaa27299d986823bbc926c4"},{"path":"\/them\/them\/js\/ZeroClipboard.swf","checksum":"8b5c117b88fe37e32fd34a70fdf60026"},{"path":"\/them\/them\/js\/zresize.js","checksum":"33ba4922170e28401b8dc670e0998d09"},{"path":"\/them\/toast\/toast.min.css","checksum":"be8a6c1b1899c2ce48fdfb2d46784d30"},{"path":"\/them\/toast\/toast.min.js","checksum":"dce795e37cd3369cf5b9aba407be6c6e"},{"path":"\/common\/function.php","checksum":"20c0698b722dbe961363d47c53921a02"},{"path":"\/common\/notify.php","checksum":"97178f15486943500b371680654099f6"},{"path":"\/inc\/mobile\/index.inc.php","checksum":"3e4566f44402284f03e5385f74b67b6a"},{"path":"\/inc\/mobile\/online.inc.php","checksum":"89d618b01494a6bf6456ce5e34238166"},{"path":"\/inc\/mobile\/sysasyn.inc.php","checksum":"14696605b529b4656893c65408087ecd"},{"path":"\/inc\/web\/active.inc.php","checksum":"c7e41b3acf8fcf65b1aa5f040856dad5"},{"path":"\/inc\/web\/apply.inc.php","checksum":"7c08f23116d666de1e8e6e89d86cb41f"},{"path":"\/inc\/web\/article.inc.php","checksum":"4950db7c9eabc9de6c81435b749b6bdb"},{"path":"\/inc\/web\/audio.inc.php","checksum":"14920d3548514cfd9c0ae87fcb631a01"},{"path":"\/inc\/web\/audio_item.inc.php","checksum":"62c1df044ae2044139c9621abf1acb81"},{"path":"\/inc\/web\/banner.inc.php","checksum":"a6a3ea0e6d74ea1ea6881c9ca61abb53"},{"path":"\/inc\/web\/coupon.inc.php","checksum":"20974b1670f49466ac4f7243f756e57e"},{"path":"\/inc\/web\/cut.inc.php","checksum":"c09dde33efbfbee3a355e02bf4b27b49"},{"path":"\/inc\/web\/discuss.inc.php","checksum":"bd04de8399134717251ae3e601446090"},{"path":"\/inc\/web\/exportss.inc.php","checksum":"a16889c61e7849d80fd42bf18ccb6090"},{"path":"\/inc\/web\/group.inc.php","checksum":"5dcbf1f2239631c5503c0ca2f236d290"},{"path":"\/inc\/web\/line.inc.php","checksum":"0c86d018fed378ccc7da0558f08fdc61"},{"path":"\/inc\/web\/line_class.inc.php","checksum":"cc44822ae1878105724b2e5c616bf726"},{"path":"\/inc\/web\/mall.inc.php","checksum":"c1f06f35b32149d8590d8ee5dd5c1891"},{"path":"\/inc\/web\/mall_team.inc.php","checksum":"945fe2f313876917d1c39e46fd4e4e5d"},{"path":"\/inc\/web\/move.inc.php","checksum":"afa6e93655b84f1461c9caa72aceb857"},{"path":"\/inc\/web\/nav.inc.php","checksum":"ba2265dd34f3c588dcbf3cbdc3f2ab69"},{"path":"\/inc\/web\/new.inc.php","checksum":"8a711c456d2da8c930f85a8fe4137338"},{"path":"\/inc\/web\/new_class.inc.php","checksum":"96b1d9659587ed5ec3196e9300a0642a"},{"path":"\/inc\/web\/order.inc.php","checksum":"64445ce63e8029df77c9f171a6deb91b"},{"path":"\/inc\/web\/prize.inc.php","checksum":"5fabe7e40b0921313e53c348c4750881"},{"path":"\/inc\/web\/prize2.inc.php","checksum":"5ce7252daa97b8e192d44668bd6e3412"},{"path":"\/inc\/web\/school.inc.php","checksum":"4410daf0d7c6646827c3d84e6d50460c"},{"path":"\/inc\/web\/score_mall.inc.php","checksum":"e79374f7e761de619a65f956ee4502db"},{"path":"\/inc\/web\/service.inc.php","checksum":"3a7d8d5797c4e2850416adff804a0ab7"},{"path":"\/inc\/web\/service_class.inc.php","checksum":"a9e37f3b4fdfbe5dbb7a474c8809937b"},{"path":"\/inc\/web\/service_team.inc.php","checksum":"1d02318db6b13ed3c61b77ff298311d2"},{"path":"\/inc\/web\/teacher.inc.php","checksum":"9f4b196abd9ea6b9c5896b090bafbb5f"},{"path":"\/inc\/web\/user.inc.php","checksum":"9e474bf531c3a883f8feb1401a5f11e5"},{"path":"\/inc\/web\/video.inc.php","checksum":"588c5932c383afda8a1c6c2867db5460"},{"path":"\/inc\/web\/video_class.inc.php","checksum":"f38878b8a2cdc3f7e52c1abae8d41cb2"},{"path":"\/inc\/web\/webconfig.inc.php","checksum":"d4087c6cea712c1bdee19419a15f82ea"},{"path":"\/inc\/web\/webhome.inc.php","checksum":"9d3368c138e43408fd1f2f0de94d9761"},{"path":"\/inc\/wxapp\/devtools\/index.inc.php","checksum":"7b84edccb5ff88efecb603c212e49fe4"},{"path":"\/inc\/wxapp\/devtools\/manage.inc.php","checksum":"26e0f5e449621932a7f641e69038ee71"},{"path":"\/inc\/wxapp\/devtools\/order.inc.php","checksum":"bbc1a6c381f97024759edbbd9de0b4c5"},{"path":"\/inc\/wxapp\/devtools\/service.inc.php","checksum":"49e4b2b45119a98c54be423df85e1f23"},{"path":"\/inc\/wxapp\/devtools\/user.inc.php","checksum":"76f0b65b2d33562dd7c19827a69555cf"},{"path":"\/module.php","checksum":"e51bf901cccf3056a6ad44e249e1d8ca"},{"path":"\/resource\/HttpClient.class.php","checksum":"8a1fd4a4a2f0d636afceea9076b5be97"},{"path":"\/resource\/qrcode\/phpqrcode.php","checksum":"4c6cea71d312ea378a9f55370f28752a"},{"path":"\/resource\/share\/demo.php","checksum":"594b8a771efee5c6f9680ceae7a92040"},{"path":"\/resource\/share\/errorCode.php","checksum":"21c617813a67d53fe642ac2e43b37272"},{"path":"\/resource\/share\/pkcs7Encoder.php","checksum":"9946b7fa862952d64e334e76b2e599b8"},{"path":"\/resource\/share\/wxBizDataCrypt.php","checksum":"1efb2b2fee2c9921e29b85ff71a46add"},{"path":"\/resource\/sms\/sendSms.php","checksum":"b309023d026eb34795c025632cc235bd"},{"path":"\/resource\/sms\/SignatureHelper.php","checksum":"33ee900f11621b20109ab5bc7738844f"},{"path":"\/resource\/sms\/sms.php","checksum":"04318c51eef2f86182cff13bd0da36d1"},{"path":"\/site.php","checksum":"6c419c67c6405b42c91de3a608d087d5"},{"path":"\/upsql.php","checksum":"b4b8d3fcbb8ab3f27670d400740fcba0"},{"path":"\/wxapp.php","checksum":"007f2c76f1b7ff4de1a43ebf71a3c0cb"}]